,sexratio,pop_perhouse,house_cnt
애월읍0,2.376375295,14815.0,106.9129989
애월읍1,2.380619582,14881.0,107.0323319
애월읍2,2.377032724,14943.0,107.1655955
애월읍3,2.37511662,15006.0,107.3408778
애월읍4,2.372270525,15067.0,107.1569271
애월읍5,2.368848669,15139.0,107.007013
애월읍6,2.365417488,15210.0,107.0819011
애월읍7,2.360963792,15273.0,107.1707259
애월읍8,2.359746951,15333.0,107.2178323
애월읍9,2.355446249,15451.0,107.3177894
애월읍10,2.349880883,15531.0,107.4903294
애월읍11,2.348518923,15563.0,107.352167
애월읍12,2.351061782,15587.0,107.7409533
애월읍13,2.345910745,15663.0,107.3405185
애월읍14,2.336207443,15773.0,107.5506767
애월읍15,2.33823343,15782.0,107.4529122
애월읍16,2.33838671,15831.0,107.2232158
애월읍17,2.333019046,15909.0,107.3993096
애월읍18,2.331888428,15918.0,107.3326432
애월읍19,2.326398897,15959.0,107.3375503
애월읍20,2.26,16012.0,107.33
애월읍21,2.321119212,16047.0,107.1907793
애월읍22,2.3169959,16098.0,106.9434912
애월읍23,2.310524036,16163.0,106.8683985
애월읍24,2.31,16149.0,106.91
애월읍25,2.31,16233.0,107.04
애월읍26,2.3,16284.0,106.98
애월읍27,2.29,16335.0,106.91
애월읍28,2.28,16493.0,106.6
애월읍29,2.27,16568.0,106.62
애월읍30,2.27,16623.0,106.44
애월읍31,2.27,16699.0,106.39
애월읍32,2.26,16715.5,106.33
애월읍33,2.26,16732,106.2724215
애월읍34,2.2,16779,106.4
애월읍35,2.19,16842,106.36
애월읍36,2.19,16867,106.23
애월읍37,2.19,16911,105.71
애월읍38,2.19,16911,105.44
애월읍39,2.19,16967,105.17
애월읍40,2.18,17044,105.11
애월읍41,2.18,17111,104.98
애월읍42,2.18,17141,104.98
애월읍43,2.18,17176,105.02
성산읍0,2.028299392,7562.0,109.1925805
성산읍1,2.029951181,7579.0,109.148994
성산읍2,2.023900197,7615.0,109.17481
성산읍3,2.021198639,7642.0,109.4088937
성산읍4,2.018006263,7664.0,109.4812407
성산읍5,2.016790316,7683.0,109.0246864
성산읍6,2.013648772,7693.0,109.2247434
성산읍7,2.006864396,7721.0,109.0246864
성산읍8,2.007372914,7731.0,109.010101
성산읍9,2.004767427,7761.0,109.4078062
성산읍10,2.001418623,7754.0,109.2073335
성산읍11,1.99277699,7753.0,109.7190172
성산읍12,1.983547558,7780.0,109.7594128
성산읍13,1.98230996,7801.0,110.2515296
성산읍14,1.976403061,7840.0,110.2727643
성산읍15,1.969762419,7871.0,109.9390657
성산읍16,1.963728599,7885.0,109.8387315
성산읍17,1.964385298,7890.0,109.9850969
성산읍18,1.964488816,7913.0,109.6708929
성산읍19,1.962874402,7946.0,109.8062954
성산읍20,1.955639098,7980.0,109.7016931
성산읍21,1.950262434,8002.0,109.7580645
성산읍22,1.954164058,7985.0,109.4215542
성산읍23,1.955379588,7956.0,109.7478765
성산읍24,1.951984877,7935.0,109.7927672
성산읍25,1.944318468,7938.0,109.7295828
성산읍26,1.938953488,7912.0,110.1219011
성산읍27,1.936914112,7894.0,110.2007149
성산읍28,1.92958102,7924.0,109.9697885
성산읍29,1.925991189,7945.0,109.7888676
성산읍30,1.918895166,7965.0,109.4272403
성산읍31,1.917533526,7979.0,108.8167053
성산읍32,1.912842316,7997.0,109.2040481
성산읍33,1.91,"7,993",109.42
성산읍34,1.91,"8,034",109.61
성산읍35,1.89,"8,133",109.57
성산읍36,1.89,"8,151",109.43
성산읍37,1.89,"8,152",109.62
성산읍38,1.89,"8,150",110.13
성산읍39,1.89,"8,158",109.91
성산읍40,1.89,"8,155",109.89
성산읍41,1.9,"8,165",109.93
성산읍42,1.9,"8,192",109.81
성산읍43,1.9,"8,178",109.84
표선면0,2.129845298,5753.0,105.105457
표선면1,2.126731302,5776.0,105.2807487
표선면2,2.127902946,5770.0,105.4207797
표선면3,2.122565075,5801.0,105.5249541
표선면4,2.121019108,5809.0,105.1107042
표선면5,2.117980422,5823.0,104.9351944
표선면6,2.117707442,5845.0,105.0016562
표선면7,2.110105838,5858.0,105.1618257
표선면8,2.10564818,5878.0,105.3251493
표선면9,2.101336491,5911.0,105.1701354
표선면10,2.094151454,5916.0,105.4219864
표선면11,2.089496792,5922.0,105.7532424
표선면12,2.084150051,5918.0,105.9098497
표선면13,2.081770569,5919.0,105.7095159
표선면14,2.074722316,5942.0,106.0160428
표선면15,2.06921401,5967.0,106.1957248
표선면16,2.064618467,5989.0,106.1520507
표선면17,2.061969015,6003.0,105.9224755
표선면18,2.058754993,6008.0,106.1156474
표선면19,2.051388658,6013.0,105.8234607
표선면20,2.041728763,6039.0,105.877442
표선면21,2.035891499,6046.0,106.0773481
표선면22,2.032673267,6060.0,106.5392354
표선면23,2.024723916,6067.0,106.3497396
표선면24,2.021122112,6060.0,106.3342318
표선면25,2.019449481,6067.0,106.2279078
표선면26,2.023931342,6059.0,105.9277918
표선면27,2.018731515,6086.0,105.7956449
표선면28,2.014273995,6095.0,105.8517773
표선면29,2.012129159,6101.0,105.4904587
표선면30,2.011456628,6110.0,105.3123956
표선면31,2.010780791,6122.0,105.474879
표선면32,2.0091131,6145.0,105.0830565
표선면33,2.01,"6,151",105.19
표선면34,2.0,"6,168",104.85
표선면35,2.0,"6,175",104.77
표선면36,1.99,"6,186",104.63
표선면37,2.0,"6,178",104.55
표선면38,2.0,"6,141",104.95
표선면39,2.01,"6,151",104.85
표선면40,2.0,"6,165",104.83
표선면41,2.0,"6,168",104.66
표선면42,2.0,"6,171",104.76
표선면43,2.0,"6,175",104.27
안덕면0,1.999302285,5733.0,107.4945692
안덕면1,1.989831093,5802.0,107.6438849
안덕면2,1.98714653,5835.0,107.3497854
안덕면3,1.982512733,5890.0,107.4067496
안덕면4,1.978392978,5924.0,107.5070822
안덕면5,1.976548001,5927.0,107.5287865
안덕면6,1.977774036,5939.0,108.0779451
안덕면7,1.977383146,5969.0,107.9823789
안덕면8,1.971272003,6022.0,107.3174991
안덕면9,1.967677772,6033.0,107.498689
안덕면10,1.966628118,6053.0,107.5675676
안덕면11,1.967014752,6033.0,107.1391168
안덕면12,1.96,6050.0,106.6573719
안덕면13,1.955551884,6052.0,106.3644289
안덕면14,1.955026455,6048.0,106.3525305
안덕면15,1.95492074,6056.0,106.7225423
안덕면16,1.957927735,6061.0,106.3467223
안덕면17,1.957516878,6073.0,106.6759388
안덕면18,1.951335409,6103.0,106.6458442
안덕면19,1.949437286,6131.0,106.7104808
안덕면20,1.949080852,6147.0,106.7471959
안덕면21,1.944272949,6155.0,106.4699793
안덕면22,1.946103896,6160.0,106.7609521
안덕면23,1.944839858,6182.0,107.1145564
안덕면24,1.946543928,6192.0,107.1318096
안덕면25,1.948867314,6180.0,106.9415808
안덕면26,1.944354578,6182.0,107.5276243
안덕면27,1.950187205,6143.0,106.9084629
안덕면28,1.94699187,6150.0,106.3771113
안덕면29,1.944308745,6141.0,106.6101402
안덕면30,1.945013828,6147.0,106.2801932
안덕면31,1.940738342,6176.0,106.4416121
안덕면32,1.937399161,6198.0,106.252147
안덕면33,1.93,"6,185",106.19
안덕면34,1.94,"6,187",106.34
안덕면35,1.93,"6,196",106.3
안덕면36,1.93,"6,240",106.56
안덕면37,1.94,"6,226",106.5
안덕면38,1.94,"6,231",106.58
안덕면39,1.94,"6,239",106.84
안덕면40,1.94,"6,277",106.91
안덕면41,1.94,"6,288",106.9
안덕면42,1.93,"6,334",106.88
안덕면43,1.93,"6,339",107.3
조천읍0,2.377751338,10086.0,105.8627348
조천읍1,2.376248393,10113.0,106.074152
조천읍2,2.371262785,10168.0,106.1451049
조천읍3,2.367612524,10220.0,106.1068037
조천읍4,2.365390237,10263.0,106.1896896
조천읍5,2.360868722,10314.0,106.1015774
조천읍6,2.359745518,10374.0,106.2332729
조천읍7,2.358784499,10399.0,106.4009662
조천읍8,2.35326763,10451.0,106.2483885
조천읍9,2.350162245,10478.0,106.0902385
조천읍10,2.343079552,10534.0,106.3035286
조천읍11,2.345606377,10538.0,106.4753747
조천읍12,2.340964995,10570.0,106.5057353
조천읍13,2.340934791,10612.0,106.5473146
조천읍14,2.337272557,10662.0,106.2961392
조천읍15,2.33889566,10667.0,106.0600931
조천읍16,2.334985041,10696.0,105.6174089
조천읍17,2.333457735,10718.0,105.4784145
조천읍18,2.329275093,10760.0,105.4580569
조천읍19,2.327849043,10758.0,105.4435484
조천읍20,2.27,10796.0,105.31
조천읍21,2.3259362,10815.0,105.4008862
조천읍22,2.323513165,10862.0,105.5105619
조천읍23,2.324639544,10889.0,105.5148284
조천읍24,2.33,10938.0,105.73
조천읍25,2.33,10997.0,105.8
조천읍26,2.32,11041.0,105.62
조천읍27,2.31,11085.0,105.43
조천읍28,2.29,11156.0,105.19
조천읍29,2.29,11212.0,104.81
조천읍30,2.28,11277.0,104.86
조천읍31,2.28,11304.0,104.85
조천읍32,2.27,11344.0,104.75
조천읍33,2.27,11384,104.6521036
조천읍34,2.22,11397,104.62
조천읍35,2.22,11436,104.66
조천읍36,2.21,11469,104.56
조천읍37,2.2,11525,104.45
조천읍38,2.21,11471,104.82
조천읍39,2.21,11500,104.84
조천읍40,2.2,11539,104.64
조천읍41,2.2,11550,104.79
조천읍42,2.2,11577,104.7
조천읍43,2.2,11585,104.88
구좌읍0,2.152141999,7493.0,104.67867
구좌읍1,2.153630913,7505.0,105.0170738
구좌읍2,2.149341142,7513.0,105.3726626
구좌읍3,2.144962166,7533.0,105.5577506
구좌읍4,2.140272091,7571.0,105.2072403
구좌읍5,2.141577769,7593.0,105.2921142
구좌읍6,2.140364686,7623.0,105.1298786
구좌읍7,2.131544503,7640.0,105.1963351
구좌읍8,2.128248661,7657.0,105.2473175
구좌읍9,2.122507494,7673.0,104.8503072
구좌읍10,2.12371134,7663.0,105.1369414
구좌읍11,2.122946545,7670.0,104.9973836
구좌읍12,2.119711853,7635.0,105.5159673
구좌읍13,2.123022617,7649.0,105.4000788
구좌읍14,2.120637825,7651.0,105.5196944
구좌읍15,2.123451962,7671.0,105.0787402
구좌읍16,2.117937394,7699.0,105.1547744
구좌읍17,2.118311688,7700.0,105.0039298
구좌읍18,2.116387699,7707.0,105.1140834
구좌읍19,2.115414508,7720.0,105.1211526
구좌읍20,2.03,7712.0,105.31
구좌읍21,2.111039045,7709.0,105.2479284
구좌읍22,2.104074747,7706.0,105.6311963
구좌읍23,2.101773922,7723.0,105.7953795
구좌읍24,2.1,7720.0,106.08
구좌읍25,2.09,7739.0,106.12
구좌읍26,2.08,7739.0,106.17
구좌읍27,2.07,7739.0,106.21
구좌읍28,2.07,7776.0,106.11
구좌읍29,2.06,7797.0,106.27
구좌읍30,2.06,7811.0,106.3
구좌읍31,2.05,7845.0,106.13
구좌읍32,2.05,7865.0,106.08
구좌읍33,2.05,7885,106.0164325
구좌읍34,1.97,7892,105.86
구좌읍35,1.97,7898,105.77
구좌읍36,1.97,7874,105.67
구좌읍37,1.97,7886,105.67
구좌읍38,1.97,7817,105.85
구좌읍39,1.97,7832,105.8
구좌읍40,1.96,7851,105.72
구좌읍41,1.96,7862,105.87
구좌읍42,1.96,7879,105.73
구좌읍43,1.95,7889,105.72
한림읍0,2.475316776,9865.0,107.2115862
한림읍1,2.475374949,9868.0,107.0076321
한림읍2,2.470991136,9928.0,107.1428571
한림읍3,2.470233912,9961.0,106.884343
한림읍4,2.464353375,10029.0,106.6966908
한림읍5,2.46742379,10038.0,106.5283351
한림읍6,2.46142389,10071.0,106.4900792
한림읍7,2.460207612,10115.0,106.5302144
한림읍8,2.462002174,10119.0,106.7394909
한림읍9,2.454518606,10158.0,106.7069016
한림읍10,2.449553878,10199.0,106.731423
한림읍11,2.450313603,10204.0,106.5025681
한림읍12,2.449642752,10217.0,106.6337401
한림읍13,2.442752562,10245.0,106.7977147
한림읍14,2.435760171,10274.0,106.7511365
한림읍15,2.43263444,10302.0,106.610055
한림읍16,2.428806346,10338.0,106.3817499
한림읍17,2.427701527,10346.0,106.1532545
한림읍18,2.425986842,10336.0,106.225306
한림읍19,2.426142402,10351.0,105.9915368
한림읍20,2.06,10369.0,106.11
한림읍21,2.411640415,10412.0,106.2313109
한림읍22,2.417243368,10404.0,106.225306
한림읍23,2.410843026,10403.0,106.3453738
한림읍24,2.41,10392.0,106.12
한림읍25,2.41,10370.0,106.23
한림읍26,2.4,10378.5,106.26
한림읍27,2.4,10387.0,106.29
한림읍28,2.38,10428.0,106.27
한림읍29,2.37,10465.0,105.87
한림읍30,2.37,10471.0,105.6
한림읍31,2.36,10494.0,105.57
한림읍32,2.35,10508.5,105.46
한림읍33,2.34,10523,105.3547265
한림읍34,2.02,10533,105.2
한림읍35,2.01,10551,105.05
한림읍36,2.01,10560,104.96
한림읍37,2.01,10582,105.06
한림읍38,2.02,10516,105.8
한림읍39,2.02,10525,105.7
한림읍40,2.01,10537,105.72
한림읍41,2.01,10546,105.32
한림읍42,2.01,10565,105.6
한림읍43,2.01,10546,105.63
한경면0,2.069435142,4479.0,101.5311867
한경면1,2.063626251,4495.0,101.1894075
한경면2,2.046844073,4547.0,101.2748826
한경면3,2.045345016,4565.0,101.3600892
한경면4,2.048344948,4592.0,101.2170834
한경면5,2.051967819,4599.0,101.1946903
한경면6,2.047505423,4610.0,100.8176796
한경면7,2.041187947,4613.0,101.4222222
한경면8,2.042073303,4611.0,101.4915405
한경면9,2.038228942,4630.0,101.1973392
한경면10,2.027963003,4649.0,101.7352614
한경면11,2.028559158,4657.0,101.6640781
한경면12,2.024432062,4666.0,101.7765934
한경면13,2.025058899,4669.0,101.66334
한경면14,2.027795595,4677.0,101.5911602
한경면15,2.031864842,4676.0,101.6780746
한경면16,2.020717642,4682.0,101.7960089
한경면17,2.019607843,4692.0,102.1286031
한경면18,2.019603665,4693.0,101.9490587
한경면19,2.017491468,4688.0,101.7742293
한경면20,1.94,4671.0,101.31
한경면21,2.012804097,4686.0,102.0489978
한경면22,2.003613177,4705.0,102.1195895
한경면23,1.995967742,4712.0,101.4938685
한경면24,2.0,4709.0,101.65
한경면25,2.0,4710.0,101.67
한경면26,1.99,4712.5,101.49
한경면27,1.99,4715.0,101.32
한경면28,1.99,4728.0,101.36
한경면29,1.99,4751.0,101.27
한경면30,1.99,4773.0,101.35
한경면31,1.98,4790.0,101.6
한경면32,1.98,4791.0,101.48
한경면33,1.97,4792,101.3573654
한경면34,1.89,4780,101.27
한경면35,1.88,4802,101.81
한경면36,1.88,4812,101.49
한경면37,1.88,4823,101.24
한경면38,1.88,4819,101.69
한경면39,1.87,4857,101.62
한경면40,1.87,4893,101.72
한경면41,1.87,4902,102.12
한경면42,1.87,4913,101.82
한경면43,1.87,4938,100.89
영천동0,2.203924915,2344.0,104.5130641
영천동1,2.200851064,2350.0,104.1041831
영천동2,2.203324808,2346.0,103.9053254
영천동3,2.201612903,2356.0,103.8915094
영천동4,2.204574333,2361.0,104.0376323
영천동5,2.201524132,2362.0,103.6819428
영천동6,2.192776144,2381.0,103.8656775
영천동7,2.190555788,2393.0,103.6519037
영천동8,2.186405338,2398.0,103.6116505
영천동9,2.177786987,2413.0,103.4456059
영천동10,2.174308137,2421.0,103.4003091
영천동11,2.177777778,2430.0,103.1477927
영천동12,2.179012346,2430.0,103.6538462
영천동13,2.183908046,2436.0,103.5973976
영천동14,2.183941008,2441.0,104.1746457
영천동15,2.179885527,2446.0,103.82263
영천동16,2.175081433,2456.0,104.0488923
영천동17,2.180933063,2465.0,104.4106464
영천동18,2.178398058,2472.0,104.4419134
영천동19,2.179279644,2471.0,104.9086758
영천동20,2.180894309,2460.0,104.8491791
영천동21,2.174796748,2460.0,105.3742802
영천동22,2.177859178,2457.0,105.1763804
영천동23,2.172966311,2434.0,104.6826625
영천동24,2.173431734,2439.0,104.1201386
영천동25,2.164344262,2440.0,103.8996139
영천동26,2.166462168,2445.0,103.8091574
영천동27,2.152218152,2457.0,104.3276662
영천동28,2.136880585,2462.0,104.1521149
영천동29,2.12759041,2461.0,104.3715847
영천동30,2.116740981,2467.0,104.4635865
영천동31,2.113774888,2461.0,105.0453291
영천동32,2.108492483,2461.0,105.0177795
영천동33,2.1,"2,471",105.47
영천동34,2.1,"2,477",105.0
영천동35,2.1,"2,474",104.85
영천동36,2.09,"2,475",104.71
영천동37,2.09,"2,482",103.86
영천동38,2.1,"2,463",103.75
영천동39,2.09,"2,463",103.68
영천동40,2.09,"2,452",103.13
영천동41,2.09,"2,462",103.56
영천동42,2.09,"2,475",103.15
영천동43,2.09,"2,471",103.51
효돈동0,2.384684281,2233.0,102.6255708
효돈동1,2.383064516,2232.0,102.012913
효돈동2,2.378354204,2236.0,101.8982536
효돈동3,2.376733781,2235.0,102.0540129
효돈동4,2.374553571,2240.0,102.243346
효돈동5,2.368491322,2247.0,102.1268515
효돈동6,2.367509987,2253.0,102.2753129
효돈동7,2.360742706,2262.0,102.4260804
효돈동8,2.356448763,2264.0,102.5436598
효돈동9,2.337742504,2268.0,102.5983951
효돈동10,2.332010582,2268.0,102.9547199
효돈동11,2.333333333,2262.0,103.3911368
효돈동12,2.33998227,2256.0,103.1947652
효돈동13,2.342629482,2259.0,103.1477927
효돈동14,2.342604857,2265.0,103.2950192
효돈동15,2.343666962,2258.0,102.6809651
효돈동16,2.333333333,2265.0,102.6457055
효돈동17,2.32907489,2270.0,103.0337942
효돈동18,2.328056288,2274.0,102.7575642
효돈동19,2.33010989,2275.0,102.8702641
효돈동20,2.326020184,2279.0,103.0256607
효돈동21,2.323838738,2282.0,102.5592055
효돈동22,2.323245614,2280.0,102.6396327
효돈동23,2.316549912,2284.0,102.332696
효돈동24,2.312472648,2285.0,102.3745691
효돈동25,2.306345733,2285.0,102.9264536
효돈동26,2.312773403,2286.0,102.8001534
효돈동27,2.305203323,2287.0,102.3023791
효돈동28,2.291321413,2293.0,102.2324865
효돈동29,2.278837814,2306.0,101.8824433
효돈동30,2.278354978,2310.0,102.1121352
효돈동31,2.273474686,2311.0,101.9992311
효돈동32,2.276549632,2307.0,102.3112481
효돈동33,2.27,"2,306",102.43
효돈동34,2.27,"2,302",102.83
효돈동35,2.27,"2,315",102.19
효돈동36,2.27,"2,322",102.38
효돈동37,2.27,"2,326",102.18
효돈동38,2.27,"2,315",101.69
효돈동39,2.27,"2,318",102.03
효돈동40,2.27,"2,319",102.15
효돈동41,2.27,"2,316",102.43
효돈동42,2.27,"2,326",102.22
효돈동43,2.27,"2,324",101.68
이도1동0,2.196360674,3682.0,100.1257862
이도1동1,2.19346049,3670.0,100.30326
이도1동2,2.189556704,3677.0,100.759686
이도1동3,2.19268559,3664.0,100.9390863
이도1동4,2.178338762,3684.0,100.2279058
이도1동5,2.180703189,3669.0,99.64530023
이도1동6,2.17509516,3678.0,99.11504425
이도1동7,2.174585935,3683.0,99.2669363
이도1동8,2.17509516,3678.0,98.88832744
이도1동9,2.172873063,3679.0,98.485231
이도1동10,2.176822633,3676.0,98.26065037
이도1동11,2.172695132,3677.0,97.90773885
이도1동12,2.173853712,3664.0,97.32660782
이도1동13,2.167165805,3673.0,96.8537629
이도1동14,2.144136808,3684.0,97.02970297
이도1동15,2.145002731,3662.0,96.33587786
이도1동16,2.144420131,3656.0,96.35483049
이도1동17,2.148696845,3645.0,96.22545269
이도1동18,2.149835346,3644.0,96.67519182
이도1동19,2.144349739,3637.0,97.14138553
이도1동20,2.1,3640.0,96.97
이도1동21,2.143641857,3641.0,96.50924025
이도1동22,2.138643881,3628.0,97.076326
이도1동23,2.138820302,3645.0,97.34262126
이도1동24,2.14,3665.0,96.93
이도1동25,2.13,3680.0,97.23
이도1동26,2.12,3691.0,97.74
이도1동27,2.11,3702.0,98.25
이도1동28,2.1,3717.0,98.86
이도1동29,2.09,3730.0,98.65
이도1동30,2.09,3739.0,98.86
이도1동31,2.08,3739.0,98.98
이도1동32,2.07,3761.0,99.0
이도1동33,2.06,3783,99.01452282
이도1동34,2.02,3791,99.22
이도1동35,2.02,3803,99.2
이도1동36,2.02,3786,98.72
이도1동37,2.01,3765,99.05
이도1동38,2.02,3733,98.73
이도1동39,2.02,3734,98.6
이도1동40,2.01,3728,97.92
이도1동41,2.01,3754,98.45
이도1동42,2.01,3754,98.42
이도1동43,2.01,3767,97.72
삼도2동0,2.089587242,4264.0,107.4498567
삼도2동1,2.087271876,4274.0,107.0969278
삼도2동2,2.082201405,4270.0,106.7938021
삼도2동3,2.083001172,4265.0,106.9328233
삼도2동4,2.088276836,4248.0,106.8410946
삼도2동5,2.090780476,4241.0,106.9040173
삼도2동6,2.093083847,4222.0,107.3832002
삼도2동7,2.088207323,4206.0,107.8144078
삼도2동8,2.078422053,4208.0,107.9921549
삼도2동9,2.078959924,4192.0,108.3353884
삼도2동10,2.080316471,4171.0,108.5586703
삼도2동11,2.081711127,4161.0,108.7248322
삼도2동12,2.081573896,4168.0,108.9099054
삼도2동13,2.079131484,4145.0,108.9384076
삼도2동14,2.078431373,4131.0,108.443999
삼도2동15,2.08211501,4104.0,108.1087887
삼도2동16,2.081259151,4098.0,108.1190116
삼도2동17,2.079667644,4092.0,108.2132929
삼도2동18,2.071986335,4098.0,108.1457121
삼도2동19,2.067432201,4093.0,108.1788164
삼도2동20,2.0,4098.0,108.16
삼도2동21,2.068872549,4080.0,108.1362827
삼도2동22,2.070833333,4080.0,108.5117227
삼도2동23,2.066405293,4081.0,108.5204082
삼도2동24,2.06,4073.0,108.1
삼도2동25,2.06,4066.0,108.05
삼도2동26,2.06,4063.0,108.17
삼도2동27,2.06,4060.0,108.3
삼도2동28,2.04,4094.0,107.85
삼도2동29,2.04,4087.0,107.81
삼도2동30,2.03,4102.0,107.88
삼도2동31,2.03,4107.0,107.94
삼도2동32,2.03,4111.0,107.68
삼도2동33,2.03,4115,107.4216744
삼도2동34,1.96,4112,107.79
삼도2동35,1.95,4101,107.6
삼도2동36,1.95,4085,107.93
삼도2동37,1.94,4086,107.98
삼도2동38,1.95,4082,107.99
삼도2동39,1.94,4081,107.3
삼도2동40,1.94,4102,107.44
삼도2동41,1.93,4116,107.56
삼도2동42,1.92,4135,107.16
삼도2동43,1.92,4120,107.65
일도1동0,1.836171462,1703.0,109.1534756
일도1동1,1.83353151,1682.0,110.1754386
일도1동2,1.82647585,1677.0,110.240113
일도1동3,1.832238806,1675.0,110.2184637
일도1동4,1.847122302,1668.0,109.7680956
일도1동5,1.846153846,1664.0,110.0211715
일도1동6,1.862424242,1650.0,109.9361249
일도1동7,1.859564165,1652.0,110.0070972
일도1동8,1.853925746,1643.0,109.7073519
일도1동9,1.863190184,1630.0,110.7348703
일도1동10,1.861282367,1622.0,109.9710983
일도1동11,1.844115835,1623.0,110.9729334
일도1동12,1.826781327,1628.0,111.1846946
일도1동13,1.819852941,1632.0,110.9397944
일도1동14,1.819742489,1631.0,109.6420745
일도1동15,1.814540974,1623.0,110.1032448
일도1동16,1.813003096,1615.0,110.5576208
일도1동17,1.800370828,1618.0,110.6955871
일도1동18,1.797146402,1612.0,110.6686702
일도1동19,1.795611285,1595.0,110.4704097
일도1동20,1.75,1588.0,110.39
일도1동21,1.793299621,1582.0,110.0152905
일도1동22,1.796685787,1569.0,109.2720307
일도1동23,1.796035806,1564.0,109.377402
일도1동24,1.79,1556.0,109.7
일도1동25,1.78,1542.0,110.31
일도1동26,1.78,1547.0,110.97
일도1동27,1.77,1552.0,111.63
일도1동28,1.77,1548.0,111.68
일도1동29,1.76,1555.0,112.16
일도1동30,1.76,1549.0,112.06
일도1동31,1.77,1538.0,111.54
일도1동32,1.77,1533.0,110.96
일도1동33,1.76,1528,110.3781175
일도1동34,1.71,1526,110.56
일도1동35,1.71,1511,111.46
일도1동36,1.7,1506,110.96
일도1동37,1.7,1500,111.12
일도1동38,1.73,1436,112.57
일도1동39,1.73,1426,111.87
일도1동40,1.73,1417,112.84
일도1동41,1.74,1420,113.24
일도1동42,1.73,1420,112.62
일도1동43,1.73,1417,112.95
동홍동0,2.624074931,8648.0,96.1535137
동홍동1,2.612899517,8698.0,96.48136941
동홍동2,2.605758201,8718.0,96.49684283
동홍동3,2.603230981,8728.0,96.49744876
동홍동4,2.60231439,8728.0,96.63232621
동홍동5,2.59952011,8752.0,96.65485349
동홍동6,2.594942476,8779.0,96.7780945
동홍동7,2.585866606,8816.0,96.86528497
동홍동8,2.579643019,8852.0,96.87041986
동홍동9,2.572666892,8883.0,96.72032366
동홍동10,2.565534253,8919.0,96.64833276
동홍동11,2.561849323,8933.0,96.62342126
동홍동12,2.558300727,8945.0,96.63172366
동홍동13,2.551416462,8966.0,96.61366566
동홍동14,2.549614912,8959.0,96.49032258
동홍동15,2.549932976,8952.0,96.59805357
동홍동16,2.54678102,8978.0,96.41783352
동홍동17,2.547234895,8987.0,96.16109683
동홍동18,2.53843594,9015.0,96.14296734
동홍동19,2.537372844,9044.0,96.11998974
동홍동20,2.537808642,9072.0,96.17416496
동홍동21,2.53306239,9104.0,96.08026528
동홍동22,2.532222709,9124.0,96.21231423
동홍동23,2.530706076,9135.0,96.29786873
동홍동24,2.532231586,9137.0,96.29252566
동홍동25,2.52963044,9146.0,96.06779661
동홍동26,2.520326087,9200.0,96.06798579
동홍동27,2.505025397,9253.0,96.08324169
동홍동28,2.501348581,9269.0,95.93509676
동홍동29,2.494186047,9288.0,95.87384797
동홍동30,2.491414467,9318.0,95.64301365
동홍동31,2.485751018,9334.0,95.61588399
동홍동32,2.478738143,9383.0,95.70851565
동홍동33,2.48,"9,380",95.63
동홍동34,2.48,"9,383",95.43
동홍동35,2.47,"9,403",95.53
동홍동36,2.47,"9,400",95.62
동홍동37,2.46,"9,420",95.13
동홍동38,2.46,"9,433",95.39
동홍동39,2.45,"9,454",95.36
동홍동40,2.45,"9,487",95.06
동홍동41,2.44,"9,512",95.18
동홍동42,2.43,"9,523",95.31
동홍동43,2.43,"9,540",95.38
서홍동0,2.509910335,4238.0,99.3814433
서홍동1,2.514972884,4241.0,99.58832335
서홍동2,2.507757405,4254.0,99.7752809
서홍동3,2.507420495,4245.0,99.62490623
서홍동4,2.506355932,4248.0,99.45672537
서홍동5,2.499647639,4257.0,99.23235349
서홍동6,2.495892983,4261.0,99.00823353
서홍동7,2.492257156,4262.0,99.36186186
서홍동8,2.494835681,4260.0,98.98895338
서홍동9,2.494131455,4260.0,99.30594635
서홍동10,2.488372093,4257.0,99.07912047
서홍동11,2.492924528,4240.0,99.09587493
서홍동12,2.488295105,4229.0,99.14837245
서홍동13,2.484619025,4226.0,98.71309614
서홍동14,2.484345351,4216.0,98.59689041
서홍동15,2.480104216,4222.0,98.87939221
서홍동16,2.477068558,4230.0,98.59742229
서홍동17,2.478168515,4237.0,98.00113144
서홍동18,2.473510713,4247.0,97.8715389
서홍동19,2.473820755,4240.0,97.94300811
서홍동20,2.474780961,4223.0,97.82320651
서홍동21,2.473534299,4213.0,98.26864536
서홍동22,2.468890466,4227.0,98.44076821
서홍동23,2.471689173,4221.0,98.27061954
서홍동24,2.47029703,4242.0,98.09073724
서홍동25,2.468175389,4242.0,98.40818647
서홍동26,2.466021708,4238.0,98.65044668
서홍동27,2.45791087,4241.0,98.47677075
서홍동28,2.447362251,4265.0,98.17733055
서홍동29,2.445644517,4259.0,98.17351598
서홍동30,2.445514326,4258.0,98.53193518
서홍동31,2.447022972,4266.0,98.158694
서홍동32,2.444158277,4271.0,98.30927052
서홍동33,2.43,"4,336",98.44
서홍동34,2.43,"4,349",98.02
서홍동35,2.44,"4,358",97.84
서홍동36,2.43,"4,414",97.85
서홍동37,2.43,"4,426",98.16
서홍동38,2.43,"4,423",97.63
서홍동39,2.43,"4,451",97.7
서홍동40,2.43,"4,459",97.67
서홍동41,2.44,"4,483",97.77
서홍동42,2.44,"4,480",97.56
서홍동43,2.44,"4,488",97.48
중앙동0,1.869565217,2139.0,91.70661553
중앙동1,1.86833412,2119.0,91.62633107
중앙동2,1.857884797,2118.0,91.57740993
중앙동3,1.852775165,2126.0,92.14634146
중앙동4,1.846298032,2134.0,92.19512195
중앙동5,1.845433255,2135.0,91.72749392
중앙동6,1.845037453,2136.0,91.49659864
중앙동7,1.840545626,2126.0,91.71974522
중앙동8,1.839662447,2133.0,91.7888563
중앙동9,1.833021515,2138.0,92.48526523
중앙동10,1.828022493,2134.0,92.26219813
중앙동11,1.826271186,2124.0,91.65019763
중앙동12,1.81805293,2116.0,92.06190714
중앙동13,1.81509434,2120.0,92.30384808
중앙동14,1.815304676,2117.0,92.24612306
중앙동15,1.819687648,2113.0,92.53880821
중앙동16,1.819961796,2094.0,91.98992443
중앙동17,1.817096466,2094.0,91.78427419
중앙동18,1.82525204,2083.0,91.44008056
중앙동19,1.820722892,2075.0,91.19433198
중앙동20,1.821671526,2058.0,91.2755102
중앙동21,1.823357664,2055.0,90.59003052
중앙동22,1.820625611,2046.0,90.05102041
중앙동23,1.807317073,2050.0,90.0
중앙동24,1.797555012,2045.0,89.97416021
중앙동25,1.790709046,2045.0,90.0363259
중앙동26,1.784872299,2036.0,88.97555902
중앙동27,1.784872299,2036.0,89.86415883
중앙동28,1.776964373,2049.0,90.22988506
중앙동29,1.771260997,2046.0,90.03670687
중앙동30,1.765166341,2044.0,90.49630412
중앙동31,1.76485027,2037.0,90.41313559
중앙동32,1.755142018,2042.0,90.03181336
중앙동33,1.74,"2,046",90.23
중앙동34,1.74,"2,032",90.36
중앙동35,1.73,"2,029",90.11
중앙동36,1.73,"2,020",90.07
중앙동37,1.73,"2,005",90.6
중앙동38,1.74,"1,958",90.44
중앙동39,1.73,"1,951",91.24
중앙동40,1.73,"1,947",91.81
중앙동41,1.73,"1,945",91.56
중앙동42,1.72,"1,956",91.34
중앙동43,1.72,"1,944",91.23
외도동0,2.692651187,7838.0,101.3339778
외도동1,2.676880223,7898.0,101.6425121
외도동2,2.673035827,7955.0,101.8267474
외도동3,2.675116075,7969.0,102.3173077
외도동4,2.670376391,7997.0,102.3722628
외도동5,2.665506093,8042.0,102.2477284
외도동6,2.669022817,8064.0,102.3444201
외도동7,2.663591636,8130.0,102.3198561
외도동8,2.663271567,8149.0,102.2190746
외도동9,2.662215143,8162.0,102.1687883
외도동10,2.661889011,8163.0,101.9594913
외도동11,2.66205461,8167.0,101.9303202
외도동12,2.662503061,8166.0,102.2733704
외도동13,2.657910812,8185.0,102.2718703
외도동14,2.660395798,8186.0,102.1843518
외도동15,2.658777602,8197.0,102.0396654
외도동16,2.650716541,8234.0,101.8754689
외도동17,2.643012573,8272.0,101.7489712
외도동18,2.636877556,8314.0,101.6689977
외도동19,2.630765545,8347.0,101.4787946
외도동20,2.59,8353.0,101.41
외도동21,2.631610433,8358.0,101.4860221
외도동22,2.631138726,8369.0,101.5403173
외도동23,2.627525553,8414.0,101.8798037
외도동24,2.62,8424.0,101.61
외도동25,2.61,8444.0,101.19
외도동26,2.61,8477.0,101.16
외도동27,2.6,8510.0,101.13
외도동28,2.59,8550.0,101.05
외도동29,2.59,8572.0,101.2
외도동30,2.58,8615.0,101.01
외도동31,2.58,8606.0,101.11
외도동32,2.58,8620.0,101.12
외도동33,2.58,8634,101.1266832
외도동34,2.54,8663,100.91
외도동35,2.54,8676,100.57
외도동36,2.54,8696,100.59
외도동37,2.53,8715,100.58
외도동38,2.53,8698,100.46
외도동39,2.53,8694,100.55
외도동40,2.53,8719,100.54
외도동41,2.53,8743,100.33
외도동42,2.53,8741,99.94
외도동43,2.53,8752,100.1
아라동0,2.606610338,12072.0,98.60522714
아라동1,2.606423738,12267.0,98.58396873
아라동2,2.609926235,12472.0,98.83706232
아라동3,2.602374357,12635.0,98.44071602
아라동4,2.594215394,12758.0,98.75876621
아라동5,2.58397272,12903.0,98.79265739
아라동6,2.581632653,13034.0,98.83444194
아라동7,2.573919001,13136.0,99.07036092
아라동8,2.585911435,13188.0,99.14012353
아라동9,2.580404284,13258.0,99.12455473
아라동10,2.578694313,13311.0,99.28326206
아라동11,2.573367324,13337.0,99.10370549
아라동12,2.575197496,13418.0,99.37223484
아라동13,2.570591725,13486.0,99.03137628
아라동14,2.579862396,13517.0,98.94499763
아라동15,2.576112585,13572.0,98.96639301
아라동16,2.57238242,13629.0,99.09872762
아라동17,2.571585419,13662.0,99.07184398
아라동18,2.568516091,13734.0,99.44333763
아라동19,2.564943527,13812.0,99.6322027
아라동20,2.47,13898.0,99.63
아라동21,2.565214281,13977.0,99.61913555
아라동22,2.565350627,14032.0,99.38565769
아라동23,2.561251333,14065.0,99.41560674
아라동24,2.56,14092.0,99.15
아라동25,2.56,14137.0,99.11
아라동26,2.54,14230.5,99.07
아라동27,2.53,14324.0,99.03
아라동28,2.52,14442.0,99.05
아라동29,2.51,14535.0,98.98
아라동30,2.51,14575.0,99.16
아라동31,2.5,14797.0,99.12
아라동32,2.49,15023.5,99.0
아라동33,2.48,15250,98.88594451
아라동34,2.41,15329,98.68
아라동35,2.41,15412,98.78
아라동36,2.4,15563,98.77
아라동37,2.41,15729,98.43
아라동38,2.4,15863,98.0
아라동39,2.4,15925,97.94
아라동40,2.39,15972,97.7
아라동41,2.39,16025,97.76
아라동42,2.39,16086,97.71
아라동43,2.38,16151,97.75
노형동0,2.686775849,20455.0,97.05719455
노형동1,2.683620227,20507.0,96.99900336
노형동2,2.681095837,20514.0,96.7997933
노형동3,2.685466589,20532.0,96.86450994
노형동4,2.692289016,20594.0,96.68947252
노형동5,2.688921142,20670.0,96.69530734
노형동6,2.68556253,20710.0,96.64550226
노형동7,2.681899167,20767.0,96.59607211
노형동8,2.679432965,20810.0,96.60005856
노형동9,2.678398929,20911.0,96.7509685
노형동10,2.675457841,20968.0,96.65085735
노형동11,2.673975078,21026.0,96.72143091
노형동12,2.66766325,21072.0,96.45041503
노형동13,2.65489992,21133.0,96.58721758
노형동14,2.650713408,21166.0,96.60979798
노형동15,2.655279796,21194.0,96.6141358
노형동16,2.650305882,21250.0,96.72041242
노형동17,2.643661972,21300.0,96.66617927
노형동18,2.634023032,21362.0,96.70393919
노형동19,2.628575428,21431.0,96.59306224
노형동20,2.51,21483.0,96.63
노형동21,2.62172441,21561.0,96.58756405
노형동22,2.61954762,21619.0,96.43879288
노형동23,2.612413475,21670.0,96.49923896
노형동24,2.61,21679.0,96.49
노형동25,2.61,21733.0,96.53
노형동26,2.6,21810.0,96.59
노형동27,2.59,21887.0,96.66
노형동28,2.57,22004.0,96.78
노형동29,2.57,22040.0,96.66
노형동30,2.56,22123.0,96.71
노형동31,2.55,22231.0,96.54
노형동32,2.55,22321.0,96.41
노형동33,2.54,22411,96.27451683
노형동34,2.44,22515,96.28
노형동35,2.43,22651,96.26
노형동36,2.42,22729,96.3
노형동37,2.42,22808,96.23
노형동38,2.41,22824,96.21
노형동39,2.41,22919,96.06
노형동40,2.41,22982,96.19
노형동41,2.4,23087,96.12
노형동42,2.4,23112,96.06
노형동43,2.39,23134,96.07
연동0,2.287845918,18899.0,97.96840803
연동1,2.282841114,18894.0,98.02396067
연동2,2.276058718,18938.0,97.77565632
연동3,2.270525041,18989.0,97.6101889
연동4,2.266250131,19046.0,97.61666428
연동5,2.257986802,19094.0,97.68463264
연동6,2.254869197,19151.0,97.12832216
연동7,2.247453222,19240.0,97.06608431
연동8,2.243161883,19267.0,96.9853779
연동9,2.237015173,19311.0,96.71570954
연동10,2.235671426,19332.0,96.7947196
연동11,2.235053786,19336.0,96.70705631
연동12,2.234562806,19385.0,96.49871904
연동13,2.230206563,19413.0,96.680932
연동14,2.223405345,19534.0,96.99476938
연동15,2.214478715,19615.0,97.02038683
연동16,2.209461863,19679.0,96.99544333
연동17,2.208553434,19688.0,96.97502137
연동18,2.207123343,19766.0,96.65087636
연동19,2.205756122,19805.0,96.60037879
연동20,2.09,19845.0,96.42
연동21,2.198600131,19859.0,96.42349597
연동22,2.196510283,19887.0,96.52198635
연동23,2.19076738,19951.0,96.39967829
연동24,2.19,19998.0,96.35
연동25,2.18,20094.0,96.09
연동26,2.17,20165.5,96.03
연동27,2.16,20237.0,95.97
연동28,2.15,20351.0,95.78
연동29,2.14,20446.0,96.1
연동30,2.13,20553.0,96.27
연동31,2.13,20561.0,96.29
연동32,2.12,20637.5,96.33
연동33,2.12,20714,96.37286224
연동34,2.01,20763,96.12
연동35,2.01,20883,95.92
연동36,2.0,20928,95.81
연동37,1.99,21021,95.77
연동38,1.99,21097,95.9
연동39,1.98,21156,95.89
연동40,1.98,21192,95.93
연동41,1.98,21203,95.98
연동42,1.97,21268,96.05
연동43,1.96,21360,96.26
삼양동0,2.728611898,8825.0,101.6668077
삼양동1,2.72109681,8935.0,101.5662953
삼양동2,2.719709659,8955.0,101.411981
삼양동3,2.718074437,8974.0,101.4266644
삼양동4,2.716015104,9004.0,101.2804523
삼양동5,2.71166593,9052.0,101.3252713
삼양동6,2.709288299,9119.0,101.3829437
삼양동7,2.708296943,9160.0,101.5178864
삼양동8,2.711217704,9173.0,101.3904793
삼양동9,2.714750542,9220.0,101.1121935
삼양동10,2.716738661,9260.0,101.0576457
삼양동11,2.712498652,9273.0,101.0092039
삼양동12,2.718202344,9301.0,101.0039354
삼양동13,2.721355568,9295.0,100.9065383
삼양동14,2.712223292,9351.0,100.7997441
삼양동15,2.711511789,9373.0,100.8622066
삼양동16,2.708404255,9400.0,101.1329185
삼양동17,2.708024561,9446.0,101.047619
삼양동18,2.705559658,9479.0,101.060798
삼양동19,2.701313715,9515.0,101.3371311
삼양동20,2.68,9516.0,101.29
삼양동21,2.699979071,9556.0,101.2289271
삼양동22,2.695665764,9598.0,101.1229779
삼양동23,2.695142205,9634.0,101.2843606
삼양동24,2.7,9627.0,101.44
삼양동25,2.69,9648.0,101.53
삼양동26,2.69,9661.5,101.33
삼양동27,2.69,9675.0,101.13
삼양동28,2.68,9710.0,101.15
삼양동29,2.67,9722.0,101.05
삼양동30,2.67,9748.0,100.94
삼양동31,2.67,9744.0,100.93
삼양동32,2.67,9739.0,100.92
삼양동33,2.67,9734,100.8962669
삼양동34,2.65,9733,100.79
삼양동35,2.64,9779,100.86
삼양동36,2.64,9793,100.62
삼양동37,2.63,9814,100.54
삼양동38,2.63,9783,100.75
삼양동39,2.63,9786,100.85
삼양동40,2.63,9809,100.75
삼양동41,2.63,9821,100.75
삼양동42,2.62,9831,100.62
삼양동43,2.62,9841,100.74
이도2동0,2.614356487,19378.0,95.76837416
이도2동1,2.60644728,19357.0,95.7980226
이도2동2,2.598659103,19390.0,95.98363558
이도2동3,2.598370378,19391.0,95.95987411
이도2동4,2.599691596,19455.0,96.11952035
이도2동5,2.594490612,19494.0,96.11032532
이도2동6,2.584711484,19531.0,96.30461332
이도2동7,2.578113824,19574.0,96.18398771
이도2동8,2.575417283,19591.0,96.34786038
이도2동9,2.56805216,19632.0,96.55363212
이도2동10,2.567697174,19602.0,96.40188209
이도2동11,2.567704599,19526.0,96.25396825
이도2동12,2.561742848,19646.0,96.31094065
이도2동13,2.555888021,19718.0,96.47486563
이도2동14,2.54866899,19797.0,96.4746753
이도2동15,2.540143784,19891.0,96.52684696
이도2동16,2.533767209,19975.0,96.61063654
이도2동17,2.53072542,20016.0,96.43151896
이도2동18,2.523947028,20086.0,96.52030477
이도2동19,2.519191618,20139.0,96.60670804
이도2동20,2.48,20166.0,96.92
이도2동21,2.51197427,20210.0,96.72008799
이도2동22,2.507340946,20229.0,96.69798341
이도2동23,2.502593745,20241.0,96.63124754
이도2동24,2.5,20267.0,96.45
이도2동25,2.5,20289.0,96.52
이도2동26,2.49,20390.5,96.58
이도2동27,2.47,20492.0,96.63
이도2동28,2.46,20629.0,96.79
이도2동29,2.45,20694.0,96.81
이도2동30,2.45,20719.0,96.64
이도2동31,2.44,20758.0,96.7
이도2동32,2.44,20773.0,96.53
이도2동33,2.44,20788,96.37149028
이도2동34,2.41,20746,96.37
이도2동35,2.4,20767,96.29
이도2동36,2.39,20838,96.3
이도2동37,2.38,20838,96.01
이도2동38,2.38,20846,96.17
이도2동39,2.37,20887,96.12
이도2동40,2.37,20924,96.21
이도2동41,2.37,20937,96.22
이도2동42,2.36,20991,96.19
이도2동43,2.35,21039,96.12
일도2동0,2.674326887,13185.0,96.57807496
일도2동1,2.670836176,13191.0,96.63028803
일도2동2,2.665002647,13221.0,96.48176249
일도2동3,2.661401255,13231.0,96.65090623
일도2동4,2.657164461,13225.0,96.66140311
일도2동5,2.651516297,13223.0,96.84210526
일도2동6,2.650674549,13194.0,96.79981843
일도2동7,2.648229419,13216.0,96.92945116
일도2동8,2.645812845,13219.0,96.89843217
일도2동9,2.636130589,13263.0,96.74672117
일도2동10,2.632830189,13250.0,96.65662137
일도2동11,2.630166073,13187.0,96.55901686
일도2동12,2.624619598,13144.0,96.62985967
일도2동13,2.618837492,13144.0,96.61173217
일도2동14,2.614132502,13147.0,96.72074361
일도2동15,2.610017481,13157.0,97.05848292
일도2동16,2.606106638,13166.0,97.07876891
일도2동17,2.599954497,13186.0,97.24866496
일도2동18,2.591335249,13226.0,97.06991587
일도2동19,2.587242736,13216.0,97.14851024
일도2동20,2.56,13231.0,97.05
일도2동21,2.579396226,13250.0,96.97463347
일도2동22,2.577170054,13237.0,96.90577472
일도2동23,2.576386784,13196.0,96.76948242
일도2동24,2.57,13184.0,96.99
일도2동25,2.56,13225.0,97.05
일도2동26,2.55,13264.5,96.92
일도2동27,2.53,13304.0,96.78
일도2동28,2.53,13325.0,96.74
일도2동29,2.52,13339.0,96.85
일도2동30,2.52,13364.0,96.95
일도2동31,2.51,13350.0,96.86
일도2동32,2.51,13369.5,96.86
일도2동33,2.5,13389,96.86795587
일도2동34,2.48,13366,96.88
일도2동35,2.47,13373,97.01
일도2동36,2.47,13340,96.83
일도2동37,2.46,13367,96.78
일도2동38,2.46,13294,96.99
일도2동39,2.46,13306,96.99
일도2동40,2.45,13346,97.03
일도2동41,2.45,13350,97.03
일도2동42,2.44,13380,96.98
일도2동43,2.43,13383,96.94
화북동0,2.705258694,9432.0,99.91258047
화북동1,2.696606575,9430.0,99.76885063
화북동2,2.689691593,9468.0,99.3092497
화북동3,2.684755068,9472.0,99.41929839
화북동4,2.681875659,9490.0,99.68951517
화북동5,2.681655434,9496.0,99.83274928
화북동6,2.683284148,9488.0,99.73711463
화북동7,2.677487352,9488.0,99.74442936
화북동8,2.67192429,9510.0,99.84819431
화북동9,2.664495798,9520.0,99.76794431
화북동10,2.661176964,9533.0,99.58419958
화북동11,2.660972542,9542.0,99.44918975
화북동12,2.661207349,9525.0,99.32076075
화북동13,2.656348374,9530.0,99.3596414
화북동14,2.658413764,9532.0,99.48763109
화북동15,2.649152188,9554.0,99.59095284
화북동16,2.649676206,9574.0,99.56793087
화북동17,2.642879467,9599.0,99.847793
화북동18,2.643370482,9601.0,99.86386931
화북동19,2.637878946,9599.0,99.61529214
화북동20,2.6,9584.0,99.87
화북동21,2.639853938,9585.0,99.82323638
화북동22,2.638912047,9596.0,100.0
화북동23,2.636240351,9586.0,99.7669185
화북동24,2.63,9593.0,99.73
화북동25,2.63,9593.0,99.72
화북동26,2.62,9610.5,99.56
화북동27,2.61,9628.0,99.4
화북동28,2.6,9649.0,99.35
화북동29,2.6,9648.0,99.14
화북동30,2.59,9683.0,99.14
화북동31,2.58,9685.0,99.23
화북동32,2.58,9688.5,99.14
화북동33,2.57,9692,99.0431398
화북동34,2.52,9704,98.76
화북동35,2.52,9709,98.73
화북동36,2.52,9705,98.87
화북동37,2.52,9713,98.97
화북동38,2.52,9701,98.76
화북동39,2.51,9700,98.73
화북동40,2.51,9686,98.72
화북동41,2.51,9689,98.56
화북동42,2.51,9681,98.44
화북동43,2.5,9691,98.6
삼도1동0,2.427165026,5993.0,96.0397387
삼도1동1,2.4245503,6004.0,95.94778352
삼도1동2,2.424758091,5994.0,95.96620333
삼도1동3,2.422871452,5990.0,95.95573166
삼도1동4,2.469760429,5969.0,95.82534903
삼도1동5,2.442730169,5963.0,96.00549073
삼도1동6,2.431251047,5971.0,96.46443802
삼도1동7,2.432237504,5962.0,96.54507915
삼도1동8,2.433338923,5963.0,96.46881011
삼도1동9,2.423044716,5971.0,96.3823934
삼도1동10,2.415410385,5970.0,96.31057269
삼도1동11,2.410114247,5952.0,96.02154994
삼도1동12,2.407082631,5930.0,96.34265054
삼도1동13,2.402641382,5906.0,96.61016949
삼도1동14,2.399762953,5906.0,96.46811493
삼도1동15,2.390680398,5923.0,96.36949818
삼도1동16,2.389142567,5913.0,96.25210556
삼도1동17,2.387938336,5903.0,96.16033755
삼도1동18,2.392482221,5906.0,96.0459899
삼도1동19,2.386594448,5908.0,95.83099382
삼도1동20,2.35,5928.0,96.17
삼도1동21,2.367959528,5930.0,96.24081402
삼도1동22,2.366014175,5926.0,96.13861386
삼도1동23,2.362516869,5928.0,96.06566657
삼도1동24,2.35,5922.0,96.36
삼도1동25,2.34,5936.0,96.64
삼도1동26,2.33,5942.0,96.58
삼도1동27,2.33,5948.0,96.51
삼도1동28,2.31,5975.0,96.2
삼도1동29,2.31,5997.0,96.16
삼도1동30,2.31,5991.0,96.2
삼도1동31,2.3,5993.0,96.08
삼도1동32,2.3,5993.0,96.04
삼도1동33,2.29,5993,96.00461561
삼도1동34,2.27,6001,95.85
삼도1동35,2.25,6025,95.76
삼도1동36,2.25,6039,95.86
삼도1동37,2.24,6049,95.86
삼도1동38,2.24,6037,95.79
삼도1동39,2.24,6032,96.09
삼도1동40,2.24,6039,96.16
삼도1동41,2.24,6020,96.24
삼도1동42,2.24,6031,96.12
삼도1동43,2.23,6048,96.23
용담2동0,2.459969088,6470.0,102.8007228
용담2동1,2.455137146,6453.0,102.7486062
용담2동2,2.450496586,6444.0,102.82405
용담2동3,2.44897011,6457.0,102.5464467
용담2동4,2.445628669,6474.0,102.635679
용담2동5,2.444994585,6463.0,102.8802294
용담2동6,2.445613492,6463.0,102.8813559
용담2동7,2.442054773,6463.0,102.8187394
용담2동8,2.436582728,6473.0,103.0207925
용담2동9,2.432757557,6484.0,103.1000654
용담2동10,2.427621404,6466.0,102.8492647
용담2동11,2.427664188,6456.0,102.8135682
용담2동12,2.426973275,6436.0,102.4248814
용담2동13,2.42630597,6432.0,102.0674216
용담2동14,2.43051218,6404.0,101.9664775
용담2동15,2.426319076,6406.0,101.6365316
용담2동16,2.418767507,6426.0,101.6499472
용담2동17,2.414903547,6428.0,101.5852048
용담2동18,2.41522653,6423.0,101.6256939
용담2동19,2.4097341,6431.0,101.6942422
용담2동20,2.36,6426.0,101.62
용담2동21,2.396728972,6420.0,101.4652991
용담2동22,2.390620131,6418.0,101.361634
용담2동23,2.381233494,6437.0,101.1475847
용담2동24,2.38,6440.0,101.06
용담2동25,2.37,6445.0,101.24
용담2동26,2.37,6452.0,101.48
용담2동27,2.36,6459.0,101.72
용담2동28,2.35,6489.0,101.75
용담2동29,2.34,6500.0,102.05
용담2동30,2.34,6499.0,101.93
용담2동31,2.33,6494.0,102.1
용담2동32,2.33,6485.5,101.76
용담2동33,2.32,6477,101.4134276
용담2동34,2.29,6470,101.55
용담2동35,2.28,6481,101.61
용담2동36,2.28,6482,101.71
용담2동37,2.27,6488,102.37
용담2동38,2.27,6447,103.14
용담2동39,2.27,6454,103.15
용담2동40,2.26,6458,103.53
용담2동41,2.26,6463,103.39
용담2동42,2.25,6448,103.15
용담2동43,2.25,6448,103.0
오라동0,2.680558248,5159.0,102.1046391
오라동1,2.686414512,5182.0,101.9861704
오라동2,2.673656119,5246.0,102.206957
오라동3,2.669249669,5291.0,102.3823359
오라동4,2.670681219,5314.0,102.5767226
오라동5,2.677868548,5386.0,102.7524244
오라동6,2.687418936,5397.0,102.9115183
오라동7,2.684394553,5434.0,102.8103375
오라동8,2.68425875,5457.0,102.8266067
오라동9,2.679200727,5505.0,102.9502237
오라동10,2.674787944,5541.0,102.5957801
오라동11,2.678526505,5565.0,102.4699876
오라동12,2.674501425,5616.0,102.5212387
오라동13,2.672343445,5637.0,102.7777778
오라동14,2.670017637,5670.0,102.9139434
오라동15,2.680112241,5702.0,102.722372
오라동16,2.682182706,5736.0,102.4331551
오라동17,2.682189401,5755.0,102.3847589
오라동18,2.681778704,5757.0,102.0079787
오라동19,2.683590366,5771.0,102.2434621
오라동20,2.64,5780.0,102.06
오라동21,2.679372197,5798.0,102.4500066
오라동22,2.681959296,5798.0,102.354186
오라동23,2.677430436,5822.0,101.9491637
오라동24,2.67,5862.0,101.87
오라동25,2.66,5904.0,101.98
오라동26,2.65,5945.5,101.91
오라동27,2.65,5987.0,101.85
오라동28,2.64,6052.0,101.73
오라동29,2.63,6080.0,101.43
오라동30,2.63,6083.0,101.21
오라동31,2.63,6090.0,101.6
오라동32,2.63,6097.5,101.7
오라동33,2.62,6105,101.8058402
오라동34,2.58,6100,101.67
오라동35,2.57,6117,102.13
오라동36,2.57,6110,102.54
오라동37,2.57,6133,102.47
오라동38,2.57,6137,102.99
오라동39,2.56,6161,102.75
오라동40,2.56,6181,102.43
오라동41,2.55,6178,102.44
오라동42,2.55,6208,102.17
오라동43,2.55,6221,102.26
건입동0,2.319148936,4324.0,107.8472959
건입동1,2.316105215,4334.0,107.7476715
건입동2,2.31222556,4327.0,107.6629166
건입동3,2.314998844,4327.0,107.4607885
건입동4,2.319316081,4328.0,107.1881607
건입동5,2.321990741,4320.0,107.1141224
건입동6,2.32406764,4317.0,106.8783069
건입동7,2.328607948,4303.0,106.782535
건입동8,2.329680578,4289.0,106.8239796
건입동9,2.335288597,4262.0,106.6893907
건입동10,2.329179403,4253.0,106.5440547
건입동11,2.327508855,4235.0,106.2674394
건입동12,2.31884058,4209.0,106.2039046
건입동13,2.314272099,4197.0,106.0348584
건입동14,2.316555344,4192.0,105.9233449
건입동15,2.315225161,4197.0,105.8964317
건입동16,2.316331418,4176.0,106.2855891
건입동17,2.318160038,4174.0,106.3321648
건입동18,2.323479933,4161.0,106.4516129
건입동19,2.32009627,4155.0,106.0632689
건입동20,2.25,4165.0,105.66
건입동21,2.3125,4160.0,105.1062897
건입동22,2.305675806,4158.0,104.7598157
건입동23,2.299063176,4163.0,105.2237161
건입동24,2.3,4137.0,104.7
건입동25,2.3,4125.0,104.46
건입동26,2.29,4123.5,104.35
건입동27,2.29,4122.0,104.23
건입동28,2.27,4146.0,104.28
건입동29,2.26,4154.0,104.24
건입동30,2.26,4147.0,104.07
건입동31,2.26,4144.0,104.03
건입동32,2.25,4152.0,104.08
건입동33,2.25,4160,104.1227874
건입동34,2.19,4158,104.29
건입동35,2.19,4152,104.29
건입동36,2.19,4134,104.02
건입동37,2.18,4119,103.86
건입동38,2.2,4062,103.12
건입동39,2.19,4083,103.51
건입동40,2.18,4081,103.2
건입동41,2.18,4084,103.23
건입동42,2.17,4095,103.66
건입동43,2.17,4096,103.22
용담1동0,2.151978172,3665.0,106.6490066
용담1동1,2.148026316,3648.0,106.1153948
용담1동2,2.14850398,3643.0,106.2883027
용담1동3,2.147261217,3633.0,106.447298
용담1동4,2.146045743,3629.0,106.4879357
용담1동5,2.145590682,3606.0,106.3359396
용담1동6,2.148675035,3585.0,106.0048688
용담1동7,2.149132625,3574.0,106.0499186
용담1동8,2.147701794,3568.0,105.8089034
용담1동9,2.155599325,3554.0,105.2004334
용담1동10,2.150492264,3555.0,105.4333062
용담1동11,2.147897262,3543.0,106.3888127
용담1동12,2.141279728,3532.0,105.8062741
용담1동13,2.138343296,3513.0,105.3359137
용담1동14,2.142857143,3500.0,105.4308673
용담1동15,2.135767256,3506.0,105.4444444
용담1동16,2.135321101,3488.0,105.8741259
용담1동17,2.127543709,3489.0,106.2394604
용담1동18,2.131284114,3481.0,105.8955643
용담1동19,2.128772636,3479.0,105.993247
용담1동20,2.11,3469.0,105.72
용담1동21,2.133410338,3463.0,106.2199604
용담1동22,2.125289352,3456.0,106.0244388
용담1동23,2.124600639,3443.0,105.7818285
용담1동24,2.13,3458.0,106.51
용담1동25,2.12,3455.0,106.41
용담1동26,2.12,3459.0,106.13
용담1동27,2.11,3463.0,105.85
용담1동28,2.09,3485.0,105.98
용담1동29,2.08,3485.0,105.68
용담1동30,2.08,3493.0,105.67
용담1동31,2.08,3491.0,105.36
용담1동32,2.07,3477.5,105.54
용담1동33,2.07,3464,105.7217543
용담1동34,2.04,3467,105.58
용담1동35,2.04,3456,104.88
용담1동36,2.04,3423,104.83
용담1동37,2.04,3433,104.95
용담1동38,2.04,3396,105.66
용담1동39,2.04,3416,105.79
용담1동40,2.03,3420,105.89
용담1동41,2.03,3420,105.36
용담1동42,2.03,3421,105.91
용담1동43,2.02,3423,106.1
도두동0,2.345345345,1332.0,112.5
도두동1,2.326651819,1347.0,113.2911392
도두동2,2.311078503,1363.0,112.2392211
도두동3,2.308769344,1357.0,110.9874826
도두동4,2.320978503,1349.0,110.7541899
도두동5,2.329881657,1352.0,110.3950104
도두동6,2.345054945,1365.0,110.0753941
도두동7,2.334545455,1375.0,110.3142077
도두동8,2.323210412,1383.0,110.3142077
도두동9,2.308729595,1409.0,111.239782
도두동10,2.30579096,1416.0,111.8008186
도두동11,2.306657224,1412.0,112.5428376
도두동12,2.312813171,1397.0,111.84573
도두동13,2.304409673,1406.0,112.5946318
도두동14,2.306553911,1419.0,112.5941136
도두동15,2.310782241,1419.0,112.3465211
도두동16,2.29782761,1427.0,111.8966689
도두동17,2.307907628,1429.0,111.6452268
도두동18,2.286810886,1433.0,111.6689281
도두동19,2.281077348,1448.0,112.1212121
도두동20,2.18,1448.0,112.19
도두동21,2.273662551,1458.0,111.4361702
도두동22,2.272852234,1455.0,111.0299003
도두동23,2.27766323,1455.0,110.5750165
도두동24,2.27,1466.0,111.07
도두동25,2.27,1478.0,111.35
도두동26,2.26,1477.0,111.34
도두동27,2.26,1476.0,111.32
도두동28,2.24,1487.0,110.35
도두동29,2.25,1493.0,111.39
도두동30,2.24,1503.0,110.51
도두동31,2.24,1495.0,111.51
도두동32,2.24,1499.5,111.15
도두동33,2.23,1504,110.7862248
도두동34,2.15,1513,111.5
도두동35,2.15,1518,110.72
도두동36,2.15,1519,111.51
도두동37,2.14,1526,111.26
도두동38,2.14,1529,110.83
도두동39,2.14,1532,110.85
도두동40,2.15,1534,110.02
도두동41,2.14,1551,109.29
도두동42,2.14,1553,109.92
도두동43,2.13,1548,110.25
봉개동0,2.395571514,1671.0,113.656148
봉개동1,2.401546698,1681.0,113.0177515
봉개동2,2.413341275,1679.0,113.0085653
봉개동3,2.407715134,1685.0,113.397642
봉개동4,2.408551069,1684.0,113.3512064
봉개동5,2.404507711,1686.0,112.3997862
봉개동6,2.400705053,1702.0,111.4632858
봉개동7,2.410934744,1701.0,110.9243697
봉개동8,2.414862493,1709.0,110.6882169
봉개동9,2.416083916,1716.0,110.690192
봉개동10,2.397034596,1821.0,111.7821782
봉개동11,2.357211079,2094.0,110.15625
봉개동12,2.355689177,2162.0,109.6936634
봉개동13,2.350996377,2208.0,109.2851274
봉개동14,2.354231975,2233.0,109.1203891
봉개동15,2.346956908,2251.0,108.7429492
봉개동16,2.342604857,2265.0,109.0799518
봉개동17,2.339340659,2275.0,108.7495006
봉개동18,2.333040035,2273.0,108.6103324
봉개동19,2.325153374,2282.0,108.4732214
봉개동20,2.29,2284.0,108.61
봉개동21,2.329396325,2286.0,108.8658147
봉개동22,2.317728652,2307.0,108.4490282
봉개동23,2.314630988,2317.0,108.3003953
봉개동24,2.31,2322.0,108.05
봉개동25,2.31,2325.0,108.43
봉개동26,2.3,2328.5,108.74
봉개동27,2.3,2332.0,109.04
봉개동28,2.3,2324.0,109.42
봉개동29,2.3,2332.0,109.72
봉개동30,2.29,2339.0,109.11
봉개동31,2.29,2340.0,108.21
봉개동32,2.29,2337.0,108.26
봉개동33,2.28,2334,108.3002383
봉개동34,2.25,2332,108.31
봉개동35,2.25,2346,108.23
봉개동36,2.26,2344,108.56
봉개동37,2.25,2356,108.53
봉개동38,2.25,2349,108.98
봉개동39,2.25,2346,108.59
봉개동40,2.24,2343,108.2
봉개동41,2.24,2346,107.76
봉개동42,2.24,2343,108.58
봉개동43,2.23,2354,108.88
이호동0,2.564026206,1679.0,106.7460317
이호동1,2.550827423,1692.0,106.8845963
이호동2,2.560791158,1719.0,106.6990291
이호동3,2.568115942,1725.0,107.5955491
이호동4,2.56117174,1741.0,107.9922966
이호동5,2.554483541,1762.0,108.0267559
이호동6,2.544282511,1784.0,108.3926031
이호동7,2.554257095,1797.0,108.2474227
이호동8,2.570953437,1804.0,107.6388889
이호동9,2.556723852,1807.0,107.0500928
이호동10,2.549008811,1816.0,107.0898981
이호동11,2.544559869,1829.0,107.0474436
이호동12,2.535462913,1847.0,107.2377462
이호동13,2.529189189,1850.0,106.535649
이호동14,2.508275494,1873.0,106.2272727
이호동15,2.513326226,1876.0,105.7414105
이호동16,2.519680851,1880.0,105.9035602
이호동17,2.514103246,1879.0,105.5029319
이호동18,2.507676019,1889.0,106.1823105
이호동19,2.50844773,1894.0,106.6847335
이호동20,2.4,1894.0,106.68
이호동21,2.496845426,1902.0,106.6907776
이호동22,2.497888068,1894.0,107.6255708
이호동23,2.498164657,1907.0,108.1548975
이호동24,2.5,1910.0,107.39
이호동25,2.49,1909.0,107.62
이호동26,2.49,1912.0,107.62
이호동27,2.49,1915.0,107.62
이호동28,2.47,1928.0,107.47
이호동29,2.47,1942.0,107.67
이호동30,2.46,1942.0,107.17
이호동31,2.46,1938.0,106.87
이호동32,2.46,1937.0,106.99
이호동33,2.47,1936,107.1203245
이호동34,2.37,1931,108.05
이호동35,2.36,1941,109.15
이호동36,2.35,1945,108.78
이호동37,2.34,1947,108.52
이호동38,2.35,1942,108.17
이호동39,2.35,1944,108.01
이호동40,2.34,1934,108.36
이호동41,2.33,1936,108.87
이호동42,2.33,1941,108.92
이호동43,2.32,1951,108.28
중문동0,2.209004544,4842.0,107.8911565
중문동1,2.203688525,4880.0,107.5661069
중문동2,2.195691933,4921.0,107.5888569
중문동3,2.18728626,4971.0,107.8967495
중문동4,2.183636727,4999.0,107.6864536
중문동5,2.180663093,5037.0,107.5978076
중문동6,2.176262527,5089.0,107.3970037
중문동7,2.173555338,5105.0,106.8219944
중문동8,2.172420519,5127.0,106.6035986
중문동9,2.168615984,5130.0,106.171238
중문동10,2.167412887,5137.0,105.9944496
중문동11,2.164694471,5155.0,106.6098871
중문동12,2.163851679,5151.0,106.8287252
중문동13,2.163102644,5144.0,106.2083024
중문동14,2.164561881,5147.0,106.2002591
중문동15,2.162696107,5163.0,105.9767571
중문동16,2.162683115,5188.0,105.7960382
중문동17,2.158986175,5208.0,106.0472787
중문동18,2.157834322,5227.0,105.9715121
중문동19,2.163496638,5205.0,105.642805
중문동20,2.15863261,5207.0,105.8985162
중문동21,2.157288266,5207.0,105.7326007
중문동22,2.161117489,5226.0,105.3827969
중문동23,2.15737393,5255.0,105.6785196
중문동24,2.154910884,5274.0,105.6269224
중문동25,2.150340393,5288.0,105.5123803
중문동26,2.14479638,5304.0,106.46098
중문동27,2.139368896,5324.0,106.11654
중문동28,2.128200371,5390.0,105.9795295
중문동29,2.117117117,5439.0,106.0297012
중문동30,2.12433229,5429.0,106.9441952
중문동31,2.122385321,5450.0,106.9230769
중문동32,2.118259916,5471.0,106.5039202
중문동33,2.12,"5,460",106.36
중문동34,2.11,"5,487",106.42
중문동35,2.1,"5,527",106.49
중문동36,2.1,"5,504",106.24
중문동37,2.1,"5,502",106.02
중문동38,2.09,"5,514",106.07
중문동39,2.09,"5,531",106.04
중문동40,2.09,"5,542",105.4
중문동41,2.09,"5,544",105.56
중문동42,2.08,"5,613",105.51
중문동43,2.08,"5,657",105.06
대륜동0,2.411922664,5586.0,102.9983426
대륜동1,2.41324527,5602.0,102.4408506
대륜동2,2.408634361,5675.0,102.5637226
대륜동3,2.406293952,5688.0,102.6502813
대륜동4,2.406408685,5711.0,102.4304021
대륜동5,2.403594486,5731.0,102.1276596
대륜동6,2.402115485,5767.0,102.2040578
대륜동7,2.402217218,5773.0,101.9807748
대륜동8,2.404115511,5783.0,101.6973741
대륜동9,2.396180974,5813.0,101.5482564
대륜동10,2.391393794,5833.0,101.3423788
대륜동11,2.38843258,5844.0,101.2399077
대륜동12,2.385393827,5929.0,101.2092759
대륜동13,2.374105508,6009.0,101.2413599
대륜동14,2.371896723,6042.0,101.2780899
대륜동15,2.362423843,6073.0,100.9102367
대륜동16,2.358233459,6091.0,101.0919782
대륜동17,2.348402948,6105.0,101.7874736
대륜동18,2.344985299,6122.0,101.6008988
대륜동19,2.34143953,6127.0,101.8857304
대륜동20,2.343729589,6124.0,101.8138358
대륜동21,2.343714332,6133.0,102.0238932
대륜동22,2.339076723,6152.0,102.3056376
대륜동23,2.333279483,6190.0,101.9717522
대륜동24,2.329739298,6214.0,102.2492316
대륜동25,2.320204931,6246.0,101.9790941
대륜동26,2.310912286,6259.0,101.8702024
대륜동27,2.304541833,6275.0,102.2517483
대륜동28,2.297078438,6298.0,102.363967
대륜동29,2.288552507,6342.0,102.851153
대륜동30,2.288007554,6354.0,103.0163385
대륜동31,2.288679245,6360.0,102.8428094
대륜동32,2.283855799,6380.0,103.1084472
대륜동33,2.28,"6,412",102.67
대륜동34,2.27,"6,443",102.35
대륜동35,2.27,"6,494",102.23
대륜동36,2.27,"6,523",102.79
대륜동37,2.27,"6,572",102.72
대륜동38,2.27,"6,590",102.41
대륜동39,2.26,"6,640",102.77
대륜동40,2.26,"6,647",102.75
대륜동41,2.26,"6,660",102.58
대륜동42,2.26,"6,696",102.67
대륜동43,2.26,"6,694",102.35
남원읍0,2.290233673,8345.0,105.3728777
남원읍1,2.287250568,8369.0,105.3642313
남원읍2,2.286088926,8389.0,105.309924
남원읍3,2.283081679,8411.0,105.3138031
남원읍4,2.284561528,8427.0,105.3765735
남원읍5,2.282157676,8435.0,105.0489987
남원읍6,2.276393832,8430.0,105.1748102
남원읍7,2.271951653,8439.0,105.1026958
남원읍8,2.26788252,8444.0,104.9662849
남원읍9,2.265330329,8431.0,104.8369798
남원읍10,2.263663308,8435.0,104.8712446
남원읍11,2.256221854,8438.0,104.9962313
남원읍12,2.255510785,8438.0,105.2188915
남원읍13,2.249556475,8455.0,105.4661337
남원읍14,2.244693396,8480.0,105.7837838
남원읍15,2.244091711,8505.0,105.9343979
남원읍16,2.243782262,8524.0,105.9659703
남원읍17,2.24261257,8528.0,106.1327872
남원읍18,2.243128964,8514.0,106.130599
남원읍19,2.24653186,8506.0,105.8937614
남원읍20,2.241850065,8497.0,105.823879
남원읍21,2.239650902,8479.0,105.9206246
남원읍22,2.233809131,8477.0,105.8708415
남원읍23,2.226212906,8492.0,106.2513637
남원읍24,2.223217443,8485.0,106.4346684
남원읍25,2.221253534,8488.0,106.3252353
남원읍26,2.219549581,8481.0,106.1322821
남원읍27,2.212773465,8502.0,106.169863
남원읍28,2.204230317,8510.0,106.1771818
남원읍29,2.198335482,8531.0,106.2692477
남원읍30,2.196441114,8542.0,106.2664908
남원읍31,2.19014249,8562.0,106.3380282
남원읍32,2.189318686,8557.0,106.4807671
남원읍33,2.19,"8,577",106.48
남원읍34,2.18,"8,612",106.73
남원읍35,2.17,"8,637",106.95
남원읍36,2.17,"8,641",106.86
남원읍37,2.17,"8,659",106.87
남원읍38,2.16,"8,642",106.95
남원읍39,2.16,"8,660",107.09
남원읍40,2.16,"8,665",106.88
남원읍41,2.16,"8,677",106.84
남원읍42,2.15,"8,709",106.86
남원읍43,2.15,"8,706",106.91
대천동0,2.280762565,5770.0,103.2432432
대천동1,2.279889902,5813.0,103.704273
대천동2,2.27277371,5873.0,103.9419404
대천동3,2.270192144,5881.0,104.0189487
대천동4,2.263684121,5901.0,104.0323812
대천동5,2.266340145,5921.0,103.9981757
대천동6,2.258609161,5982.0,104.1244901
대천동7,2.253248917,6002.0,104.6300499
대천동8,2.25,6028.0,104.4776119
대천동9,2.250371594,6055.0,104.0431267
대천동10,2.242793609,6071.0,104.260426
대천동11,2.245853178,6089.0,104.3790166
대천동12,2.238446411,6102.0,104.3842586
대천동13,2.231109654,6101.0,103.6809816
대천동14,2.23290808,6114.0,103.9133682
대천동15,2.230228758,6120.0,103.7468279
대천동16,2.223144531,6144.0,103.2589286
대천동17,2.220029122,6181.0,103.7719038
대천동18,2.21819945,6187.0,103.1981048
대천동19,2.222258117,6191.0,103.0401417
대천동20,2.224371373,6204.0,102.8815054
대천동21,2.224657534,6205.0,103.0895984
대천동22,2.225295164,6183.0,103.1448398
대천동23,2.221237512,6206.0,103.0789629
대천동24,2.221935067,6191.0,103.6718981
대천동25,2.223476298,6202.0,103.5424354
대천동26,2.223533215,6187.0,103.2353376
대천동27,2.215303346,6247.0,103.4548662
대천동28,2.210332694,6252.0,103.3102839
대천동29,2.208373282,6258.0,102.9666618
대천동30,2.20440051,6272.0,102.6678393
대천동31,2.20347355,6276.0,102.7118147
대천동32,2.198249801,6285.0,103.1764706
대천동33,2.2,"6,316",103.22
대천동34,2.19,"6,379",103.76
대천동35,2.18,"6,382",104.09
대천동36,2.18,"6,373",103.9
대천동37,2.18,"6,387",103.32
대천동38,2.18,"6,369",103.67
대천동39,2.17,"6,381",103.67
대천동40,2.17,"6,396",103.78
대천동41,2.17,"6,396",103.39
대천동42,2.16,"6,397",103.05
대천동43,2.16,"6,402",102.93
천지동0,1.901876676,1865.0,105.1474841
천지동1,1.903659849,1858.0,104.3327556
천지동2,1.89688507,1862.0,103.1052329
천지동3,1.893776824,1864.0,102.6406429
천지동4,1.897340426,1880.0,102.5553663
천지동5,1.884595024,1889.0,102.2727273
천지동6,1.881481481,1890.0,102.7366021
천지동7,1.882787751,1894.0,102.2688599
천지동8,1.877174486,1897.0,102.3295455
천지동9,1.875,1904.0,102.1517554
천지동10,1.868904038,1907.0,103.3086138
천지동11,1.85840708,1921.0,103.5347777
천지동12,1.853785901,1915.0,102.9731275
천지동13,1.858854167,1920.0,103.5938391
천지동14,1.859585492,1930.0,103.6889898
천지동15,1.860739979,1946.0,104.3453725
천지동16,1.858611825,1945.0,103.3183352
천지동17,1.848049281,1948.0,103.3898305
천지동18,1.845207586,1951.0,103.6199095
천지동19,1.83967112,1946.0,102.9478458
천지동20,1.842650104,1932.0,102.9646522
천지동21,1.840227508,1934.0,103.0233885
천지동22,1.839294971,1929.0,103.3237822
천지동23,1.842953718,1923.0,103.3275961
천지동24,1.850234009,1923.0,104.0137615
천지동25,1.851754845,1909.0,104.2172155
천지동26,1.847837415,1919.0,104.3804035
천지동27,1.836787565,1930.0,103.5017222
천지동28,1.821721311,1952.0,103.548941
천지동29,1.814852492,1966.0,102.3823029
천지동30,1.810687023,1965.0,101.4722537
천지동31,1.80853225,1969.0,101.3001696
천지동32,1.798272358,1968.0,101.7673888
천지동33,1.79,"1,973",101.14
천지동34,1.78,"1,975",101.31
천지동35,1.79,"1,972",101.14
천지동36,1.78,"1,970",101.55
천지동37,1.77,"1,974",103.19
천지동38,1.78,"1,948",102.16
천지동39,1.78,"1,941",102.28
천지동40,1.78,"1,954",101.92
천지동41,1.77,"1,955",102.45
천지동42,1.76,"1,963",102.94
천지동43,1.76,"1,961",103.06
정방동0,1.744153083,1411.0,107.5042159
정방동1,1.744285714,1400.0,107.3005093
정방동2,1.740847093,1393.0,107.2649573
정방동3,1.746387283,1384.0,106.0528559
정방동4,1.746944644,1391.0,104.5454545
정방동5,1.745310245,1386.0,104.8264183
정방동6,1.752011704,1367.0,103.6564626
정방동7,1.744680851,1363.0,103.9451115
정방동8,1.749072012,1347.0,103.8062284
정방동9,1.741097923,1348.0,103.3795494
정방동10,1.735119048,1344.0,103.6681223
정방동11,1.738450075,1342.0,103.9335664
정방동12,1.740356083,1348.0,102.2413793
정방동13,1.733383122,1339.0,100.952381
정방동14,1.729569094,1346.0,101.384083
정방동15,1.732089552,1340.0,101.300954
정방동16,1.733630952,1344.0,102.7850305
정방동17,1.748314607,1335.0,101.9031142
정방동18,1.739520958,1336.0,100.8643042
정방동19,1.740181269,1324.0,101.2227074
정방동20,1.734244495,1317.0,100.7029877
정방동21,1.740515933,1318.0,101.2280702
정방동22,1.742009132,1314.0,100.6134969
정방동23,1.748079877,1302.0,100.7054674
정방동24,1.749031758,1291.0,101.4272971
정방동25,1.7403698,1298.0,101.3368984
정방동26,1.73875969,1290.0,101.5274034
정방동27,1.736229635,1289.0,100.7174888
정방동28,1.722779923,1295.0,101.9004525
정방동29,1.717674063,1307.0,100.8050089
정방동30,1.717574827,1303.0,101.2589928
정방동31,1.715944272,1292.0,101.5454545
정방동32,1.709329221,1297.0,101.5454545
정방동33,1.71,"1,294",101.92
정방동34,1.69,"1,300",102.11
정방동35,1.68,"1,309",102.02
정방동36,1.68,"1,302",101.66
정방동37,1.66,"1,296",102.73
정방동38,1.67,"1,268",103.26
정방동39,1.68,"1,269",102.09
정방동40,1.67,"1,280",101.89
정방동41,1.66,"1,285",102.28
정방동42,1.65,"1,298",103.22
정방동43,1.65,"1,302",102.17
송산동0,2.165775401,2057.0,111.037423
송산동1,2.162711864,2065.0,110.9589041
송산동2,2.144161461,2081.0,111.5694642
송산동3,2.138808838,2082.0,111.8458611
송산동4,2.13150289,2076.0,111.5200765
송산동5,2.142510906,2063.0,112.0921305
송산동6,2.133043058,2067.0,111.9711538
송산동7,2.133591481,2066.0,111.9230769
송산동8,2.116290245,2081.0,112.1387283
송산동9,2.114039291,2087.0,112.2174122
송산동10,2.118944844,2085.0,111.7929051
송산동11,2.115421456,2088.0,111.6435074
송산동12,2.113307618,2074.0,111.4327062
송산동13,2.120873786,2060.0,112.0873786
송산동14,2.115666179,2049.0,112.6042178
송산동15,2.11827957,2046.0,113.1824889
송산동16,2.119176067,2039.0,113.2773939
송산동17,2.11372549,2040.0,112.7281697
송산동18,2.105599214,2036.0,112.9657228
송산동19,2.101371205,2042.0,112.4257426
송산동20,2.093046033,2042.0,112.5310791
송산동21,2.082439024,2050.0,112.9177057
송산동22,2.087169442,2042.0,112.3567514
송산동23,2.096868885,2044.0,111.9683482
송산동24,2.08455523,2046.0,112.294674
송산동25,2.084596577,2045.0,111.3534953
송산동26,2.091133005,2030.0,111.1940299
송산동27,2.088526212,2022.0,111.2556278
송산동28,2.086026852,2011.0,110.8040201
송산동29,2.075135937,2023.0,110.6372303
송산동30,2.067956349,2016.0,110.6619505
송산동31,2.058247675,2043.0,111.5191147
송산동32,2.050756467,2049.0,111.6876574
송산동33,2.06,"2,029",112.2
송산동34,2.06,"2,029",112.79
송산동35,2.06,"2,025",111.83
송산동36,2.06,"2,014",110.51
송산동37,2.05,"2,007",111.56
송산동38,2.06,"1,968",111.95
송산동39,2.06,"1,970",112.4
송산동40,2.06,"1,965",112.68
송산동41,2.06,"1,960",112.51
송산동42,2.06,"1,961",111.25
송산동43,2.05,"1,957",111.47
예래동0,2.115653577,1859.0,104.6305931
예래동1,2.107028754,1878.0,104.9197307
예래동2,2.097419695,1899.0,104.8868313
예래동3,2.095411887,1918.0,104.6334012
예래동4,2.085832472,1934.0,105.0838841
예래동5,2.084318766,1945.0,104.4377206
예래동6,2.079545455,1936.0,104.4692737
예래동7,2.0862423,1948.0,104.3237808
예래동8,2.079979623,1963.0,104.2521261
예래동9,2.07715736,1970.0,103.8863976
예래동10,2.086119554,1974.0,104.3672457
예래동11,2.083627204,1985.0,104.5499505
예래동12,2.088294652,1982.0,104.4960474
예래동13,2.081735621,1982.0,105.2736318
예래동14,2.069277108,1992.0,106.2031016
예래동15,2.061871227,1988.0,105.876444
예래동16,2.056394763,1986.0,106.1585058
예래동17,2.060821085,1973.0,105.8734177
예래동18,2.065482234,1970.0,105.8168943
예래동19,2.065849923,1959.0,105.6402439
예래동20,2.058044807,1964.0,105.0735667
예래동21,2.057406458,1951.0,104.6914839
예래동22,2.05079528,1949.0,103.8245793
예래동23,2.051626226,1937.0,103.6904152
예래동24,2.061594203,1932.0,102.8004073
예래동25,2.064348729,1927.0,103.2703117
예래동26,2.059220779,1925.0,103.4907598
예래동27,2.045525091,1933.0,105.6162246
예래동28,2.024755028,1939.0,106.197479
예래동29,2.017948718,1950.0,107.7613516
예래동30,2.014322251,1955.0,107.3723012
예래동31,2.007142857,1960.0,106.8349106
예래동32,1.993411049,1973.0,106.3483736
예래동33,1.99,"1,978",105.85
예래동34,1.98,"1,987",105.52
예래동35,1.98,"1,984",105.53
예래동36,1.97,"1,994",105.32
예래동37,1.97,"1,989",105.72
예래동38,1.98,"1,987",104.64
예래동39,1.98,"1,978",105.25
예래동40,1.97,"1,993",105.81
예래동41,1.97,"1,985",105.84
예래동42,1.96,"1,987",105.58
예래동43,1.95,"1,995",104.94
대정읍0,2.173487269,9701.0,96.5967366
대정읍1,2.172442159,9725.0,96.60338731
대정읍2,2.169159836,9760.0,96.35503617
대정읍3,2.165475704,9796.0,96.28944203
대정읍4,2.160308442,9856.0,96.42066421
대정읍5,2.158370581,9844.0,96.54949121
대정읍6,2.157777327,9862.0,96.54567285
대정읍7,2.161244838,9929.0,96.34916278
대정읍8,2.160822249,9924.0,96.39161095
대정읍9,2.156177626,9931.0,96.41350211
대정읍10,2.15427996,9930.0,96.23887717
대정읍11,2.152760983,9924.0,96.07195301
대정읍12,2.146147656,9942.0,96.0400588
대정읍13,2.141753612,9968.0,96.16833594
대정읍14,2.13751749,10006.0,96.05830049
대정읍15,2.132052941,10049.0,95.82305091
대정읍16,2.131057817,10049.0,95.58863823
대정읍17,2.128716823,10022.0,95.76069003
대정읍18,2.129154606,10019.0,95.85016526
대정읍19,2.12993732,10051.0,95.23939808
대정읍20,2.132781325,10024.0,95.38475599
대정읍21,2.129051561,10027.0,95.15495018
대정읍22,2.128399243,10039.0,95.29293483
대정읍23,2.12532377,10038.0,94.97349662
대정읍24,2.123297206,10057.0,95.33479693
대정읍25,2.117652899,10072.0,95.46370968
대정읍26,2.112045927,10103.0,95.51035367
대정읍27,2.105195575,10124.0,95.55005046
대정읍28,2.097618579,10162.0,95.21934243
대정읍29,2.093992724,10171.0,95.23329361
대정읍30,2.09385431,10186.0,95.20410031
대정읍31,2.093279937,10238.0,94.65031789
대정읍32,2.095590383,10273.0,94.38374718
대정읍33,2.09,"10,332",94.37
대정읍34,2.09,"10,379",94.15
대정읍35,2.09,"10,418",94.19
대정읍36,2.09,"10,439",94.46
대정읍37,2.09,"10,513",94.29
대정읍38,2.09,"10,463",94.43
대정읍39,2.09,"10,450",94.53
대정읍40,2.09,"10,493",94.66
대정읍41,2.09,"10,523",94.81
대정읍42,2.09,"10,544",94.69
대정읍43,2.09,"10,606",94.47
알수없음0,,,
알수없음1,,,
알수없음2,,,
알수없음3,,,
알수없음4,,,
알수없음5,,,
알수없음6,,,
알수없음7,,,
알수없음8,,,
알수없음9,,,
알수없음10,,,
알수없음11,,,
알수없음12,,,
알수없음13,,,
알수없음14,,,
알수없음15,,,
알수없음16,,,
알수없음17,,,
알수없음18,,,
알수없음19,,,
알수없음20,,,
알수없음21,,,
알수없음22,,,
알수없음23,,,
알수없음24,,,
알수없음25,,,
알수없음26,,,
알수없음27,,,
알수없음28,,,
알수없음29,,,
알수없음30,,,
알수없음31,,,
알수없음32,,,
알수없음33,,,
알수없음34,,,
알수없음35,,,
알수없음36,,,
알수없음37,,,
알수없음38,,,
알수없음39,,,
알수없음40,,,
알수없음41,,,
알수없음42,,,
알수없음43,,,
